{
	"version":"1.0",
	"parts":{
		"cheek":{
			"zPosition":2, 
			"width":220,
			"height":102,
			"type":0, 
			"frameCount":1,
			"triggerAction":0,
			"triggerLoop":0,
			"triggerDelay":0,
			"triggerStop":false,
			"rotateCenters":[
				{"x":110.0,"y":68.0,"index":46}
			], 
			"scalePointsA":[
				{"x":66.0,"y":8.0,"index":74}
			], 
			"scalePointsB":[
				{"x":154.0,"y":5.0,"index":77}
			],
			"positionPoints":[
				{"x":66.0,"y":8.0,"index":74},
				{"x":154.0,"y":5.0,"index":77}
			]
		},
		"ear":{
			"zPosition":0,
			"width":260,
			"height":147,
			"type":0,
			"frameCount":43,
			"triggerAction":0,
			"triggerLoop":0,
			"triggerDelay":0,
			"triggerStop":false,
			"rotateCenters":[
				{"x":127.0,"y":278.0,"index":46}
			], 
			"scalePointsA":[
				{"x":85.0,"y":223.0,"index":74}
			], 
			"scalePointsB":[
				{"x":167.0,"y":219.0,"index":77}
			],
			"positionPoints":[
				{"x":85.0,"y":223.0,"index":74},
				{"x":167.0,"y":219.0,"index":77}
			]
		},
		"nose":{
			"zPosition":3,
			"width":120,
			"height":90,
			"type":0,
			"frameCount":1,
			"triggerAction":0,
			"triggerLoop":0,
			"triggerDelay":0,
			"triggerStop":false,
			"rotateCenters":[
				{"x":60.0,"y":43.0,"index":46}
			], 
			"scalePointsA":[
				{"x":21.0,"y":-5.0,"index":74}
			], 
			"scalePointsB":[
				{"x":96.0,"y":-8.0,"index":77}
			],
			"positionPoints":[
				{"x":60.0,"y":43.0,"index":46}
			]
		},
		"teeth":{
			"zPosition":1,
			"width":90,
			"height":61,
			"type":0,
			"frameCount":1,
			"triggerAction":0,
			"triggerLoop":0,
			"triggerDelay":0,
			"triggerStop":false,
			"rotateCenters":[
				{"x":42.0,"y":-60.0,"index":46}
			], 
			"scalePointsA":[
				{"x":-44.0,"y":-170.0,"index":74}
				
			], 
			"scalePointsB":[
				{"x":129.0,"y":-175.0,"index":77}
			],
			"positionPoints":[
				{"x":25.0,"y":10.0,"index":97},
				{"x":61.0,"y":8.0,"index":99}
			]
		},
		"carrot":{
			"zPosition":4,
			"type":1,
			"width":260,
			"height":285,
			"frameCount":43,
			"triggerAction":0,
			"triggerLoop":0,
			"triggerDelay":0,
			"triggerStop":false,
			"rotateCenters":[
				{"x":112.0,"y":91.0,"index":46}
			], 
			"scalePointsA":[
				{"x":69.0,"y":35.0,"index":74}
			], 
			"scalePointsB":[
				{"x":157.0,"y":32.0,"index":77}
			],
			"positionPoints":[
				{"x":112.0,"y":91.0,"index":46}
			]
		}
	}
}