{
	"version":"1.1",
	"parts":{
		"cheek":{
			"zPosition":2, 
			"width":220,
			"height":102,
			"frameCount":1,
			"triggerType":0,
			"triggerLoop":0,
			"triggerDelay":0,
			"triggerStop":false,
            "scale":{			
				"scaleX":{		
					"pointA":[{"x":66.0,"y":8.0,"index":74}],
					"pointB":[{"x":154.0,"y":5.0,"index":77}]
				},
				"scaleY":{		
					"pointA":[],
					"pointB":[]
				}
			},
            "positionType":1,	
            "positionRelationType":1, 	
			"position":{		
				"positionX":[{"x":66.0,"y":8.0,"index":74},{"x":154.0,"y":5.0,"index":77}],		
				"positionY":[]		
			},
			"rotateCenter":[
			 	{"x":110.0,"y":68.0,"index":46}
			]
		},
		"ear":{
			"zPosition":0,
			"width":260,
			"height":147,
			"frameCount":43,
			"triggerType":8,
			"triggerLoop":0,
			"triggerDelay":0,
			"triggerStop":false,
			"scale":{			
				"scaleX":{		
					"pointA":[{"x":85.0,"y":223.0,"index":74}],
					"pointB":[{"x":167.0,"y":219.0,"index":77}]
				},
				"scaleY":{		
					"pointA":[],
					"pointB":[]
				}
			},
            "positionType":1,	
            "positionRelationType":1, 	
			"position":{		
				"positionX":[{"x":85.0,"y":223.0,"index":74},{"x":167.0,"y":219.0,"index":77}],		
				"positionY":[]		
			},
			"rotateCenter":[
			 	{"x":127.0,"y":278.0,"index":46}
			]
		},
		"nose":{
			"zPosition":3,
			"width":120,
			"height":90,
			"frameCount":1,
			"triggerType":0,
			"triggerLoop":0,
			"triggerDelay":0,
			"triggerStop":false,
            "scale":{			
				"scaleX":{		
					"pointA":[{"x":21.0,"y":-5.0,"index":74}],
					"pointB":[{"x":96.0,"y":-8.0,"index":77}]
				},
				"scaleY":{		
					"pointA":[],
					"pointB":[]
				}
			},
            "positionType":1,	
            "positionRelationType":1, 	
			"position":{		
				"positionX":[{"x":60.0,"y":43.0,"index":46}],		
				"positionY":[]		
			},
			"rotateCenter":[
			 	{"x":60.0,"y":43.0,"index":46}
			]
		},
		"teeth":{
			"zPosition":1,
			"width":90,
			"height":61,
			"frameCount":1,
			"triggerType":0,
			"triggerLoop":0,
			"triggerDelay":0,
			"triggerStop":false,
			"scale":{			
				"scaleX":{		
					"pointA":[{"x":-44.0,"y":-170.0,"index":74}],
					"pointB":[{"x":129.0,"y":-175.0,"index":77}]
				},
				"scaleY":{		
					"pointA":[],
					"pointB":[]
				}
			},
            "positionType":1,	
            "positionRelationType":1, 	
			"position":{		
				"positionX":[{"x":25.0,"y":10.0,"index":97},{"x":61.0,"y":8.0,"index":99}],		
				"positionY":[]		
			},
			"rotateCenter":[
			 	{"x":42.0,"y":-60.0,"index":46}
			]
		},
		"carrot":{
			"zPosition":4,
			"width":260,
			"height":285,
			"frameCount":43,
			"triggerType":0,
			"triggerLoop":0,
			"triggerDelay":0,
			"triggerStop":false,
            "scale":{			
				"scaleX":{		
					"pointA":[{"x":69.0,"y":35.0,"index":74}],
					"pointB":[{"x":157.0,"y":32.0,"index":77}]
				},
				"scaleY":{		
					"pointA":[],
					"pointB":[]
				}
			},
            "positionType":2,	
            "positionRelationType":1, 	
			"position":{		
				"positionX":[{"x":112.0,"y":91.0,"index":46}],		
				"positionY":[]		
			},
			"rotateCenter":[
			 	{"x":112.0,"y":91.0,"index":46}
			 ]
		}
	}
}