{
	"version":"1.0",
	"parts":{
		"bj":{
			"zPosition":4, 
			"width":360,
			"height":640,
			"type":3, 
			"frameCount":48,
			"triggerAction":4,
			"triggerLoop":1,
			"triggerDelay":5,
			"triggerStop":false,
			"scalePointsA":[
				{"x":0.0,"y":0.0,"index":106}
			], 
			"scalePointsB":[
				{"x":360.0,"y":0.0,"index":107}
			],
			"positionPoints":[
				{"x":0.0,"y":0.0,"index":106},
				{"x":360.0,"y":0.0,"index":107}
			]
		},
		"hongyun":{
			"zPosition":3,
			"width":105,
			"height":53,
			"type":0,
			"frameCount":46,
			"triggerAction":4,
			"triggerLoop":1,
			"triggerDelay":7,
			"triggerStop":false,
			"rotateCenters":[
				{"x":52.0,"y":36.0,"index":46}
			], 
			"scalePointsA":[
				{"x":31.0,"y":8.0,"index":74}
			], 
			"scalePointsB":[
				{"x":74.0,"y":8.0,"index":77}
			],
			"positionPoints":[
				{"x":52.0,"y":16.0,"index":44},
				{"x":52.0,"y":16.0,"index":44}
			]
		},
		"logo":{
			"zPosition":2,
			"width":360,
			"height":640,
			"type":0,
			"frameCount":1,
			"triggerAction":0,
			"triggerLoop":0,
			"triggerDelay":0,
			"triggerStop":false, 
			"scalePointsA":[
				{"x":0.0,"y":640.0,"index":108}
			], 
			"scalePointsB":[
				{"x":0.0,"y":640.0,"index":109}
			],
			"positionPoints":[
				{"x":0.0,"y":640.0,"index":108},
				{"x":360.0,"y":640.0,"index":109}
			]
		},
		"toufa":{
			"zPosition":1,
			"width":265,
			"height":248,
			"type":0,
			"frameCount":52,
			"triggerAction":4,
			"triggerLoop":1,
			"triggerDelay":0,
			"triggerStop":false,
			"rotateCenters":[
				{"x":124.0,"y":220.0,"index":46}
			], 
			"scalePointsA":[
				{"x":98.0,"y":188.0,"index":74}
				
			], 
			"scalePointsB":[
				{"x":149.0,"y":168.0,"index":77}
			],
			"positionPoints":[
				{"x":98.0,"y":188.0,"index":74},
				{"x":149.0,"y":168.0,"index":77}
			]
		},
			"shou":{
			"zPosition":0,
			"type":2,
			"width":142,
			"height":184,
			"frameCount":97,
			"triggerAction":0,
			"triggerLoop":0,
			"triggerDelay":0,
			"triggerStop":false,
			"rotateCenters":[
				{"x":102.0,"y":-20.0,"index":46}
			], 
			"scalePointsA":[
				{"x":69.0,"y":-65.0,"index":74}
			], 
			"scalePointsB":[
				{"x":136.0,"y":-66.0,"index":77}
			],
			"positionPoints":[
				{"x":98.0,"y":10.0,"index":101},
				{"x":112.0,"y":10.0,"index":103}
			]
		}
	}
}